Code3	Year	PriceIncomeRatio	RealPriceIndex
AUS	2000	87.66711546	48.05364563
AUS	2001	90.1802467	51.65038305
AUS	2002	105.0574864	59.7476714
AUS	2003	118.6517136	69.13851163
AUS	2004	117.9214913	72.41674294
AUS	2005	114.2198252	72.18194988
AUS	2006	116.1280985	74.51427035
AUS	2007	118.2760374	79.84835597
AUS	2008	114.8536043	80.36700762
AUS	2009	113.7208064	81.51673271
AUS	2010	122.0953041	89.15642055
AUS	2011	112.2700117	85.33482476
AUS	2012	110.3834652	83.1596862
AUS	2013	114.6205239	86.71699367
AUS	2014	120.6068689	92.92596476
AUS	2015	129.7768303	100.0
AUS	2016	136.2728764	104.6330126
AUS	2017	145.8004482	111.981487
AUS	2018	139.8286203	108.6628219
AUS	2019	130.7171401	102.5448991
AUS	2020	130.2106092	107.189387
AUS	2021	147.8040479	123.745281
AUT	2000	88.15614659	78.00631274
AUT	2001	87.70133833	76.84168409
AUT	2002	86.78839749	76.49707506
AUT	2003	84.4005453	75.53924339
AUT	2004	80.27303697	72.84053009
AUT	2005	79.49727334	74.66512684
AUT	2006	79.41846407	76.13428467
AUT	2007	79.61227318	77.76514639
AUT	2008	78.34403395	76.98427663
AUT	2009	81.58771166	79.71899312
AUT	2010	88.73600574	85.69036059
AUT	2011	92.17479829	88.25586388
AUT	2012	95.59196929	92.53511322
AUT	2013	101.0481634	95.32707873
AUT	2014	102.5688581	96.71793277
AUT	2015	107.3148678	100.0
AUT	2016	113.1768139	106.9902302
AUT	2017	115.8447539	110.6943697
AUT	2018	118.0191731	113.6310862
AUT	2019	121.3479985	118.1815427
AUT	2020	133.1578186	125.374265
AUT	2021	144.0777274	137.841366
BEL	2000	87.46814044	65.71789787
BEL	2001	87.63719195	67.32980922
BEL	2002	92.62319433	70.90166966
BEL	2003	98.09494844	74.67243247
BEL	2004	104.8305809	79.17421828
BEL	2005	113.3161036	85.96651017
BEL	2006	118.7426036	91.82366472
BEL	2007	122.545548	96.40099292
BEL	2008	122.4391884	97.56268267
BEL	2009	122.6521591	97.90438191
BEL	2010	126.3163521	99.10940008
BEL	2011	129.2041942	100.2372168
BEL	2012	129.3127389	100.4529781
BEL	2013	129.7725882	100.561651
BEL	2014	128.1154825	99.26254701
BEL	2015	128.9100024	100.0
BEL	2016	129.0911442	101.1026606
BEL	2017	129.2058256	102.8099958
BEL	2018	129.4557771	103.6776234
BEL	2019	130.0524512	106.2848539
BEL	2020	134.4211638	109.8369307
BEL	2021	138.8623567	114.8744977
BGR	2005		106.0893049
BGR	2006		118.9813106
BGR	2007		141.1653991
BGR	2008		165.6240137
BGR	2009		131.3099898
BGR	2010		115.5311874
BGR	2011		105.3628771
BGR	2012		100.2559709
BGR	2013		100.1046667
BGR	2014		99.8060365
BGR	2015		100.0
BGR	2016		105.4445772
BGR	2017		109.9700352
BGR	2018		114.0818491
BGR	2019		117.8660848
BGR	2020		124.689194
BGR	2021		127.7089079
BRA	2008		157.3725305
BRA	2009		149.1826131
BRA	2010		141.1068404
BRA	2011		132.4349719
BRA	2012		123.3836102
BRA	2013		115.7316831
BRA	2014		107.9404599
BRA	2015		100.0
BRA	2016		92.32390468
BRA	2017		90.02395138
BRA	2018		87.22829309
BRA	2019		84.8483909
BRA	2020		81.79753918
BRA	2021		75.74919044
BRA	2022		69.17656584
CAN	2000	78.53522831	49.59655128
CAN	2001	79.67432911	50.91405532
CAN	2002	83.46904367	53.92888797
CAN	2003	88.13165337	57.43920285
CAN	2004	91.55625187	61.14992253
CAN	2005	95.54111244	64.97758187
CAN	2006	101.3055083	71.90496311
CAN	2007	108.7526718	79.45991427
CAN	2008	108.9576189	81.94051198
CAN	2009	106.1451383	80.10828427
CAN	2010	111.4301076	85.91202816
CAN	2011	113.4224108	88.57601261
CAN	2012	115.3574026	91.43352303
CAN	2013	115.0252534	92.67540705
CAN	2014	118.4806493	95.80537658
CAN	2015	121.0477624	100.0
CAN	2016	135.0558318	109.6851898
CAN	2017	145.8952575	121.4797394
CAN	2018	149.2274743	124.0054299
CAN	2019	146.3545644	123.4267634
CAN	2020	146.9266269	130.508631
CAN	2021	162.9415471	145.8653683
CHE	2000	74.025768	64.87324297
CHE	2001	72.49056594	65.20781258
CHE	2002	74.01236247	65.43621789
CHE	2003	75.40979138	65.62715831
CHE	2004	76.7164303	67.65122207
CHE	2005	77.20886046	69.41918436
CHE	2006	78.52186274	72.64915269
CHE	2007	79.32527662	75.74697987
CHE	2008	80.91005202	77.1498355
CHE	2009	81.42593266	78.00609425
CHE	2010	82.81192524	79.89450467
CHE	2011	88.39440045	85.35762163
CHE	2012	91.94749873	90.29344922
CHE	2013	93.52320404	93.34834044
CHE	2014	95.99825884	96.13402217
CHE	2015	99.36081456	100.0
CHE	2016	100.7226516	101.8162449
CHE	2017	103.2726783	102.9575006
CHE	2018	105.291792	104.7820799
CHE	2019	107.8847988	108.8975183
CHE	2020	110.2924737	114.0927112
CHE	2021	117.2720489	121.7105641
CHL	2002		54.96615297
CHL	2003		55.99662876
CHL	2004		59.14280836
CHL	2005		60.37560759
CHL	2006		61.98451508
CHL	2007		64.59170539
CHL	2008		65.15805674
CHL	2009		66.71785817
CHL	2010		69.66779251
CHL	2011		75.74766144
CHL	2012		81.56084082
CHL	2013		87.58679943
CHL	2014		93.44186384
CHL	2015		100.0
CHL	2016		102.8297337
CHL	2017		108.5255391
CHL	2018		117.3187017
CHL	2019		124.9291077
CHL	2020		127.8736083
CHL	2021		136.1725891
CHN	2010		96.87305181
CHN	2011		99.0063527
CHN	2012		95.67513285
CHN	2013		99.98087608
CHN	2014		102.7037118
CHN	2015		100.0
CHN	2016		109.8776214
CHN	2017		122.4895348
CHN	2018		127.0654082
CHN	2019		128.3162515
CHN	2020		129.7460243
CHN	2021		133.5643772
CHN	2022		132.0420083
COL	2000	96.48864821	57.92811053
COL	2001	94.58874051	56.09502247
COL	2002	89.1920349	53.11255877
COL	2003	85.34478723	51.05449849
COL	2004	82.66207245	52.84615139
COL	2005	83.42711014	55.08565728
COL	2006	84.00274576	58.9052602
COL	2007	88.09826097	65.43908339
COL	2008	95.74432182	72.13856152
COL	2009	99.32674558	75.95980527
COL	2010	101.1735334	79.78052611
COL	2011	99.97412514	81.60032519
COL	2012	101.869298	86.91890955
COL	2013	104.8048402	93.19004007
COL	2014	107.3724096	97.52217395
COL	2015	107.6817942	100.0
COL	2016	113.0352907	103.5589004
COL	2017	113.6815988	106.7210609
COL	2018	114.2127578	108.9236089
COL	2019	115.7973877	110.7308979
COL	2020	121.521497	111.4121822
COL	2021		113.335847
CZE	2008		107.7965343
CZE	2009		102.7473722
CZE	2010		100.4793734
CZE	2011		98.81341222
CZE	2012		95.30728645
CZE	2013		94.67202526
CZE	2014		96.17676316
CZE	2015		100.0
CZE	2016		106.7078323
CZE	2017		116.5045124
CZE	2018		123.401877
CZE	2019		131.003177
CZE	2020		138.0531367
CZE	2021		160.6684194
DEU	2000	94.47058827	102.7447284
DEU	2001	90.39492318	100.7063423
DEU	2002	89.32021536	98.1287543
DEU	2003	87.56551154	97.07393825
DEU	2004	84.49246367	94.52098101
DEU	2005	84.12093317	94.66742735
DEU	2006	81.74970242	93.09871562
DEU	2007	78.60590338	89.43288668
DEU	2008	77.70589561	88.90437703
DEU	2009	78.77842717	89.56834597
DEU	2010	77.59323269	89.01820496
DEU	2011	77.63854921	90.51893494
DEU	2012	78.63702924	92.34385114
DEU	2013	80.19022229	93.95015295
DEU	2014	81.01441077	96.02607837
DEU	2015	83.26175454	100.0
DEU	2016	87.19646809	106.7714487
DEU	2017	89.87839023	111.6201143
DEU	2018	92.34336868	117.3024603
DEU	2019	95.88368735	122.4631556
DEU	2020	101.9452392	131.1811686
DEU	2021	111.3937365	141.9795334
DNK	2000	98.73580348	69.54246033
DNK	2001	98.79212839	71.92368468
DNK	2002	98.02105811	73.16725126
DNK	2003	99.43721267	75.89767072
DNK	2004	106.7693968	83.22669582
DNK	2005	123.1005514	98.20781508
DNK	2006	146.7114188	119.2314412
DNK	2007	149.960896	120.3585655
DNK	2008	140.5258609	110.930494
DNK	2009	119.8168866	96.39720728
DNK	2010	116.5245593	96.71193407
DNK	2011	111.0854782	92.8779705
DNK	2012	106.2456311	88.31943013
DNK	2013	108.5183938	90.99273785
DNK	2014	111.6488791	93.86203399
DNK	2015	115.023336	100.0
DNK	2016	116.0921837	104.6009167
DNK	2017	118.0409072	108.134766
DNK	2018	120.5862703	112.5300889
DNK	2019	120.1035356	114.4566893
DNK	2020	126.1832845	119.8524971
DNK	2021	139.6468983	131.2492447
EA	2000	93.05721062	86.5519907
EA	2001	92.90093882	88.68672064
EA	2002	96.62236001	92.6790625
EA	2003	99.52914161	96.01124727
EA	2004	102.9760379	100.3060518
EA	2005	107.3797825	105.2109603
EA	2006	110.8072964	110.0618529
EA	2007	112.0548515	112.4654594
EA	2008	110.5595229	110.9205573
EA	2009	108.2405557	108.1173329
EA	2010	108.187447	107.5079846
EA	2011	107.6054612	106.3206455
EA	2012	105.7236369	102.2013962
EA	2013	103.2756515	99.00448044
EA	2014	102.1977756	98.77434206
EA	2015	101.9180635	100.0
EA	2016	103.6805528	103.5644487
EA	2017	105.3353729	106.6726659
EA	2018	107.0310878	110.0767194
EA	2019	108.7597979	113.557097
EA	2020	114.5495096	118.74016
EA	2021	119.6073013	125.2433762
EA17	2000	89.86769441	84.63030631
EA17	2001	90.38701037	87.36795293
EA17	2002	93.7922629	91.11387582
EA17	2003	98.24200804	95.98392631
EA17	2004	102.4495403	100.9878291
EA17	2005	107.930945	106.9923628
EA17	2006	111.2480411	111.7872621
EA17	2007	112.2737684	114.0969855
EA17	2008	110.1747136	112.0645232
EA17	2009	107.1397326	108.4745848
EA17	2010	107.1821387	107.8664881
EA17	2011	106.7042681	106.6999669
EA17	2012	104.8067236	102.4811121
EA17	2013	102.3419097	99.18952455
EA17	2014	101.2580342	98.8894686
EA17	2015	100.8696374	100.0
EA17	2016	102.6176238	103.5361839
EA17	2017	104.190567	106.5560932
EA17	2018	105.8595551	109.9445921
EA17	2019	107.4717319	113.3659331
EA17	2020	113.3617624	118.6303263
EA17	2021	118.4878334	125.2141365
ESP	2000	77.6426952	79.40472063
ESP	2001	79.3773777	83.95271304
ESP	2002	89.27556219	95.58994141
ESP	2003	101.8543748	111.1126115
ESP	2004	116.0775604	127.0228566
ESP	2005	126.9889442	140.8840502
ESP	2006	138.7753	154.5914964
ESP	2007	147.8295751	164.245953
ESP	2008	140.5472913	156.2976109
ESP	2009	133.1776772	147.3703453
ESP	2010	130.8155695	141.9639828
ESP	2011	120.2294805	128.101543
ESP	2012	108.0741474	106.9943767
ESP	2013	97.89225317	96.2792065
ESP	2014	97.94155384	96.4547822
ESP	2015	97.4897102	100.0
ESP	2016	99.44354409	104.4501802
ESP	2017	102.535767	109.2462371
ESP	2018	106.8554641	114.9441141
ESP	2019	107.9501946	119.631115
ESP	2020	117.1485869	122.3079853
ESP	2021	118.9188425	124.1659566
EST	2005		84.14907694
EST	2006		119.2900073
EST	2007		133.7071869
EST	2008		112.0670352
EST	2009		71.0675381
EST	2010		72.01860005
EST	2011		74.42400401
EST	2012		76.82426416
EST	2013		82.47262837
EST	2014		93.20769364
EST	2015		100.0
EST	2016		103.3910204
EST	2017		104.6625217
EST	2018		107.1688718
EST	2019		111.6947136
EST	2020		119.4056194
EST	2021		132.3111947
FIN	2000	95.61206153	76.8053166
FIN	2001	90.49559401	73.7170502
FIN	2002	91.83660061	76.87648825
FIN	2003	93.3162988	80.9449762
FIN	2004	96.36899084	87.30537977
FIN	2005	101.9869404	93.22568927
FIN	2006	105.4794424	98.35092715
FIN	2007	106.0035655	102.1833838
FIN	2008	101.5662488	99.62273657
FIN	2009	100.6646219	99.16958023
FIN	2010	102.8998152	103.9429762
FIN	2011	102.672189	103.8068149
FIN	2012	103.0026405	103.3862297
FIN	2013	102.0789622	102.1055674
FIN	2014	101.1750917	100.4568226
FIN	2015	99.88788882	100.0
FIN	2016	99.69193843	101.079822
FIN	2017	98.80411041	101.1405069
FIN	2018	96.85619388	100.7767073
FIN	2019	94.62004535	100.2096136
FIN	2020	95.48970119	101.6215139
FIN	2021	97.65721875	104.5026541
FRA	2000	77.73600078	59.53351998
FRA	2001	80.18832208	62.99083391
FRA	2002	84.26916034	67.85574363
FRA	2003	92.82045877	74.65431198
FRA	2004	103.2699597	84.07454426
FRA	2005	116.640121	95.32800724
FRA	2006	125.3481148	104.5554267
FRA	2007	127.6544433	109.0750669
FRA	2008	125.7052133	107.137249
FRA	2009	117.0034473	101.0148994
FRA	2010	120.1706468	105.0127737
FRA	2011	125.5698582	109.2425486
FRA	2012	124.1946148	107.1336098
FRA	2013	122.7745068	104.2107997
FRA	2014	119.5868982	102.2119592
FRA	2015	116.4390319	100.0
FRA	2016	115.8117716	100.6760969
FRA	2017	116.8633676	102.8870778
FRA	2018	117.4766908	104.2503331
FRA	2019	118.1071567	106.8296972
FRA	2020	123.6422372	111.5699848
FRA	2021	127.6168311	117.2029238
GBR	2000	81.10885144	58.77627136
GBR	2001	84.3825628	63.08799856
GBR	2002	95.38490871	72.82590381
GBR	2003	107.1702675	83.1854976
GBR	2004	115.2517959	91.36715767
GBR	2005	119.1928513	95.78422562
GBR	2006	123.6379525	100.1006054
GBR	2007	130.0404182	108.21162
GBR	2008	121.5094938	99.36775411
GBR	2009	108.7943982	89.56626961
GBR	2010	113.548518	93.61702496
GBR	2011	111.3691222	88.74119077
GBR	2012	108.1912157	87.59885187
GBR	2013	107.0994461	87.96930877
GBR	2014	112.645703	94.02689849
GBR	2015	113.4391454	100.0
GBR	2016	120.1755075	105.6752746
GBR	2017	123.1277601	108.6407445
GBR	2018	122.852821	110.3050523
GBR	2019	120.1969137	109.5224327
GBR	2020	124.73097	111.4845807
GBR	2021	131.7578461	118.4935727
GRC	2000	94.0604895	109.6799154
GRC	2001	101.8784281	123.5246924
GRC	2002	108.6554276	137.5982073
GRC	2003	104.0923171	141.4777478
GRC	2004	99.46705972	140.1066775
GRC	2005	108.2933055	150.8757047
GRC	2006	112.7773922	165.5044792
GRC	2007	112.3706602	169.2374946
GRC	2008	108.7726156	164.9204147
GRC	2009	103.0066583	157.2790825
GRC	2010	108.9463774	150.5138486
GRC	2011	114.6350402	138.2018214
GRC	2012	113.6818671	120.9176983
GRC	2013	107.8077457	109.6704816
GRC	2014	98.5643476	103.9807621
GRC	2015	92.78371723	100.0
GRC	2016	91.1673252	98.50506807
GRC	2017	90.03483143	97.1515801
GRC	2018	90.22180934	98.79790612
GRC	2019	90.96281323	105.8913542
GRC	2020	99.26368856	111.8582388
GRC	2021	97.94118471	119.0549059
HRV	2005		103.8198112
HRV	2006		117.9803674
HRV	2007		128.5418583
HRV	2008		138.5807432
HRV	2009		127.6628745
HRV	2010		117.9581052
HRV	2011		115.6635851
HRV	2012		110.3999252
HRV	2013		103.9668197
HRV	2014		102.6568262
HRV	2015		100.0
HRV	2016		102.0355006
HRV	2017		105.023948
HRV	2018		109.8694856
HRV	2019		118.3686579
HRV	2020		126.7023813
HRV	2021		132.8621447
HUN	2007		127.5718597
HUN	2008		123.5043079
HUN	2009		112.3112723
HUN	2010		106.0356071
HUN	2011		99.07087297
HUN	2012		90.27139663
HUN	2013		86.45733093
HUN	2014		88.9039485
HUN	2015		100.0
HUN	2016		112.2614854
HUN	2017		121.9384366
HUN	2018		134.923829
HUN	2019		150.9340172
HUN	2020		153.2612069
HUN	2021		168.5839849
IDN	2002		156.2498818
IDN	2003		154.2262687
IDN	2004		150.6445607
IDN	2005		140.2421445
IDN	2006		129.7598523
IDN	2007		116.1548573
IDN	2008		104.773779
IDN	2009		100.6572071
IDN	2010		96.1609367
IDN	2011		93.94237599
IDN	2012		92.49625119
IDN	2013		97.89989538
IDN	2014		99.08638735
IDN	2015		100.0
IDN	2016		100.0595413
IDN	2017		99.83466236
IDN	2018		99.78909281
IDN	2019		98.5171074
IDN	2020		98.11461464
IDN	2021		97.83858519
IND	2009		57.55953478
IND	2010		62.87989727
IND	2011		69.34709727
IND	2012		79.38388901
IND	2013		84.41022868
IND	2014		91.27898573
IND	2015		100.0
IND	2016		102.5571378
IND	2017		107.5148596
IND	2018		108.8567917
IND	2019		108.3552962
IND	2020		105.2668876
IND	2021		100.956323
IRL	2000	115.972714	94.41810921
IRL	2001	115.1732231	102.3982362
IRL	2002	116.804998	104.7037032
IRL	2003	126.4728019	115.8686447
IRL	2004	133.8667016	126.9159405
IRL	2005	135.9699895	135.641252
IRL	2006	149.9196818	151.5581421
IRL	2007	152.1369883	157.9008998
IRL	2008	133.3744586	145.7994997
IRL	2009	115.9390012	127.2214326
IRL	2010	103.1158518	111.5264517
IRL	2011	90.78885208	91.48745079
IRL	2012	77.13129641	78.31214708
IRL	2013	78.81679325	78.51463979
IRL	2014	91.5524259	90.58410065
IRL	2015	98.10813173	100.0
IRL	2016	101.7501149	106.6193957
IRL	2017	106.9280788	116.4223273
IRL	2018	114.1939414	126.1220332
IRL	2019	111.6062133	126.7822499
IRL	2020	105.4550193	126.2077175
IRL	2021	107.9110924	131.6029872
ISL	2001		73.97511153
ISL	2002		73.54427244
ISL	2003		81.25572562
ISL	2004		86.83327742
ISL	2005		110.1238845
ISL	2006		119.9436388
ISL	2007		125.2343531
ISL	2008		116.2063601
ISL	2009		90.74253524
ISL	2010		84.63713835
ISL	2011		85.43090372
ISL	2012		86.29073702
ISL	2013		88.0008382
ISL	2014		93.07196115
ISL	2015		100.0
ISL	2016		108.6958437
ISL	2017		131.1524833
ISL	2018		137.7256316
ISL	2019		137.9045212
ISL	2020		143.3829233
ISL	2021		156.8248316
ISL	2022		177.6351004
ISR	2000	103.7923554	68.69732505
ISR	2001	96.12458314	65.87364652
ISR	2002	100.4246233	66.45911247
ISR	2003	93.4039121	62.42478486
ISR	2004	90.28413804	61.64574416
ISR	2005	86.54996617	60.79543498
ISR	2006	82.03359916	59.69699849
ISR	2007	76.70961321	58.05947073
ISR	2008	79.8532873	59.82763079
ISR	2009	84.48783041	66.34762419
ISR	2010	94.53663566	76.17868928
ISR	2011	99.07580887	81.61735267
ISR	2012	99.31241514	82.82548129
ISR	2013	102.9377095	88.80608294
ISR	2014	105.5381492	94.11695664
ISR	2015	108.899481	100.0
ISR	2016	113.8622083	108.2157792
ISR	2017		112.1957146
ISR	2018		110.0605373
ISR	2019		111.3907391
ISR	2020		115.2469867
ISR	2021		123.2504764
ITA	2000	85.50102488	93.38419808
ITA	2001	88.2932275	98.52236185
ITA	2002	93.38309924	104.8771693
ITA	2003	100.130397	112.2283126
ITA	2004	106.9218596	120.4458404
ITA	2005	112.8342404	126.9982756
ITA	2006	116.3425958	131.6336669
ITA	2007	118.8756423	135.3888889
ITA	2008	120.0805088	133.4097024
ITA	2009	119.5756639	129.2395444
ITA	2010	119.9734015	126.6321525
ITA	2011	119.0512497	124.7059659
ITA	2012	120.1088656	118.4264738
ITA	2013	112.0084984	109.5367045
ITA	2014	106.017023	104.1095965
ITA	2015	100.5916252	100.0
ITA	2016	99.333071	100.1418624
ITA	2017	96.06384302	98.01901158
ITA	2018	93.64939274	96.55689386
ITA	2019	92.666398	95.89137675
ITA	2020	96.33989177	97.59225359
ITA	2021	94.74021415	98.47771235
JPN	2000	100.7320528	126.8635039
JPN	2001	100.1819335	122.9088479
JPN	2002	96.04259245	118.0749994
JPN	2003	91.37182292	111.9158561
JPN	2004	84.96276828	105.7114764
JPN	2005	80.09336959	101.3698357
JPN	2006	76.60516464	98.36570747
JPN	2007	75.35818259	97.71630974
JPN	2008	76.2936737	97.49902003
JPN	2009	73.15407269	93.8500217
JPN	2010	74.37950577	96.64047401
JPN	2011	74.81335943	97.17478613
JPN	2012	73.79219185	96.91079752
JPN	2013	74.8085512	98.65582906
JPN	2014	75.86022545	98.1981037
JPN	2015	76.5548321	100.0
JPN	2016	77.34493918	102.5591756
JPN	2017	78.38931339	104.7619067
JPN	2018	78.92050001	106.0556279
JPN	2019	78.78821231	107.2592829
JPN	2020	75.09321778	106.9927179
JPN	2021	81.91068237	112.7156244
KOR	2000	71.30980802	75.40767506
KOR	2001	69.82597655	75.16425244
KOR	2002	75.9275272	84.99472576
KOR	2003	78.73020808	89.77757593
KOR	2004	73.87175592	87.6815476
KOR	2005	71.53291781	86.75287386
KOR	2006	73.30444751	91.19612313
KOR	2007	76.40010323	98.50476297
KOR	2008	77.47672564	101.0660583
KOR	2009	75.9015483	99.5147616
KOR	2010	73.4414618	99.12909655
KOR	2011	73.43241028	100.3952567
KOR	2012	71.77712492	99.51814778
KOR	2013	67.96082892	97.54105397
KOR	2014	66.66790764	98.13740767
KOR	2015	64.44402658	100.0
KOR	2016	64.21680379	100.5138873
KOR	2017	63.02856151	100.0054823
KOR	2018	61.56948609	100.1593773
KOR	2019	59.71524905	99.32178632
KOR	2020	59.52526468	101.5551997
KOR	2021	67.41587798	107.9219269
LTU	2006		125.8898219
LTU	2007		150.3684068
LTU	2008		147.8010248
LTU	2009		99.16501661
LTU	2010		90.49036752
LTU	2011		92.45190538
LTU	2012		89.44060673
LTU	2013		89.74931455
LTU	2014		95.5196833
LTU	2015		100.0
LTU	2016		104.4145382
LTU	2017		109.8573056
LTU	2018		114.8453382
LTU	2019		120.0180884
LTU	2020		127.3299513
LTU	2021		141.2455786
LUX	2007		84.04285475
LUX	2008		84.21818206
LUX	2009		84.15330449
LUX	2010		86.92532594
LUX	2011		87.54637464
LUX	2012		89.31285872
LUX	2013		92.33698395
LUX	2014		95.70338633
LUX	2015		100.0
LUX	2016		105.2208698
LUX	2017		108.7456318
LUX	2018		114.2979886
LUX	2019		123.7447255
LUX	2020		140.0314847
LUX	2021		157.4139204
LVA	2006		138.1328611
LVA	2007		168.5164906
LVA	2008		150.4672838
LVA	2009		97.67856688
LVA	2010		89.15808024
LVA	2011		92.69896517
LVA	2012		92.45232207
LVA	2013		98.33934579
LVA	2014		102.9096046
LVA	2015		100.0
LVA	2016		107.2099241
LVA	2017		112.9558733
LVA	2018		120.1458407
LVA	2019		127.0572842
LVA	2020		130.5435267
LVA	2021		140.0133268
MEX	2005		91.22955785
MEX	2006		93.04779795
MEX	2007		95.05478162
MEX	2008		95.58811479
MEX	2009		97.41881351
MEX	2010		95.22555588
MEX	2011		95.69768559
MEX	2012		93.80549133
MEX	2013		94.94015265
MEX	2014		95.00674169
MEX	2015		100.0
MEX	2016		102.4687088
MEX	2017		105.0867945
MEX	2018		110.1472425
MEX	2019		115.2733742
MEX	2020		117.4513271
MEX	2021		118.505547
NLD	2000	116.2699851	103.1898974
NLD	2001	118.6001149	111.0687115
NLD	2002	123.7019632	114.3283911
NLD	2003	127.4978149	115.7542447
NLD	2004	131.1796508	119.0946554
NLD	2005	134.6746691	121.4290662
NLD	2006	134.7315926	123.2522818
NLD	2007	135.9975327	126.6226929
NLD	2008	135.2337881	126.7663022
NLD	2009	130.5475857	122.9563486
NLD	2010	127.1444864	118.8846919
NLD	2011	121.9174471	114.1102154
NLD	2012	112.9213852	105.0969171
NLD	2013	105.3314282	96.77419796
NLD	2014	103.8028952	96.71741769
NLD	2015	105.919127	100.0
NLD	2016	108.7363832	104.4471172
NLD	2017	114.9051602	110.8180435
NLD	2018	120.6068049	118.6993232
NLD	2019	123.966417	124.130578
NLD	2020	129.3747477	131.8327925
NLD	2021	141.7815986	146.5985009
NOR	2000	92.71836704	53.44171943
NOR	2001	98.01121923	55.90207505
NOR	2002	94.17878014	57.89427771
NOR	2003	89.52083251	57.22766333
NOR	2004	94.88053263	62.3114868
NOR	2005	94.51434367	66.69207781
NOR	2006	113.7533202	74.45784326
NOR	2007	120.8888264	82.77362508
NOR	2008	113.4260362	79.16602948
NOR	2009	110.4020452	78.69134376
NOR	2010	115.2502057	83.42823736
NOR	2011	119.5419152	89.11984917
NOR	2012	122.5589162	94.17845704
NOR	2013	121.5942699	96.01792777
NOR	2014	120.7802187	96.44673273
NOR	2015	120.0440035	100.0
NOR	2016	127.7410843	103.8264786
NOR	2017	129.9664191	106.8953361
NOR	2018	128.5848944	105.9376055
NOR	2019	127.0487091	106.1236378
NOR	2020	128.3693682	108.9418484
NOR	2021	135.9899849	116.956062
NZL	2000	77.73602696	44.52098715
NZL	2001	74.944239	44.42887306
NZL	2002	82.36918629	48.11404306
NZL	2003	91.34041325	57.23977585
NZL	2004	102.2089192	66.58317193
NZL	2005	112.4754856	74.56450403
NZL	2006	116.9627886	79.7400466
NZL	2007	120.8337446	87.00889431
NZL	2008	115.4813604	80.21341851
NZL	2009	108.3765778	76.88663937
NZL	2010	106.4488511	77.41702808
NZL	2011	101.5264027	75.77766521
NZL	2012	104.4875323	78.55964744
NZL	2013	111.1586896	84.93011604
NZL	2014	118.6295965	89.65167073
NZL	2015	128.1745761	100.0
NZL	2016	139.5110358	113.4376276
NZL	2017	142.9515912	118.9448384
NZL	2018	141.3061287	121.6354387
NZL	2019	139.0110636	123.4823923
NZL	2020	144.6406126	133.8687919
NZL	2021	175.4572591	164.2971714
OECD	2000	91.94558449	81.10533737
OECD	2001	93.31791698	83.59327633
OECD	2002	96.42151247	87.57543452
OECD	2003	99.67761918	91.55202593
OECD	2004	102.1398941	95.67147733
OECD	2005	105.9989886	100.2225643
OECD	2006	107.7292101	103.9739501
OECD	2007	107.9150337	105.8926688
OECD	2008	102.351863	100.9327431
OECD	2009	98.18592753	96.93659634
OECD	2010	96.50214736	96.17340292
OECD	2011	93.30394391	93.64314703
OECD	2012	91.72709621	92.83220212
OECD	2013	93.63630438	94.35247337
OECD	2014	94.14643095	96.35858151
OECD	2015	95.1815134	100.0
OECD	2016	97.92135255	104.1926696
OECD	2017	99.92933579	107.7567075
OECD	2018	100.8863948	110.5657117
OECD	2019	101.2354192	112.9242331
OECD	2020	103.1302984	118.2376352
OECD	2021	111.9944621	128.3323277
POL	2005		68.34930965
POL	2006		91.99782876
POL	2007		133.8964268
POL	2008		127.6433899
POL	2009		120.8262871
POL	2010		113.581793
POL	2011		108.599621
POL	2012		101.5945767
POL	2013		96.86538223
POL	2014		98.11468638
POL	2015		100.0
POL	2016		102.6534044
POL	2017		104.6846236
POL	2018		109.9447634
POL	2019		116.9334916
POL	2020		124.834277
POL	2021		129.5295442
PRT	2000	111.1405723	137.4193724
PRT	2001	112.2100196	139.553042
PRT	2002	108.4896627	135.6994532
PRT	2003	107.4516802	132.4212562
PRT	2004	104.8519911	130.2252233
PRT	2005	103.1872044	128.254138
PRT	2006	102.4085817	126.4921471
PRT	2007	98.39696829	122.9273307
PRT	2008	88.8734275	112.0325943
PRT	2009	88.60495173	114.4815682
PRT	2010	88.05868713	113.2829365
PRT	2011	85.57938374	105.9155936
PRT	2012	81.18952104	96.6691981
PRT	2013	79.91910758	94.11821256
PRT	2014	83.3011314	97.89535223
PRT	2015	82.58939255	100.0
PRT	2016	85.13367974	106.061331
PRT	2017	90.32808127	114.0712127
PRT	2018	95.74680139	123.8624088
PRT	2019	100.8250625	135.0574079
PRT	2020	111.449367	146.0376623
PRT	2021	117.233248	157.6321398
ROU	2009		159.2947508
ROU	2010		134.7593247
ROU	2011		113.5130241
ROU	2012		103.4186093
ROU	2013		101.6590079
ROU	2014		98.3776814
ROU	2015		100.0
ROU	2016		105.2375227
ROU	2017		108.7340344
ROU	2018		110.5509918
ROU	2019		108.4920794
ROU	2020		110.9965954
ROU	2021		110.2227759
RUS	2001		72.92639316
RUS	2002		79.1841407
RUS	2003		87.85271551
RUS	2004		98.68788707
RUS	2005		106.0036299
RUS	2006		128.9679002
RUS	2007		166.4682962
RUS	2008		173.8991176
RUS	2009		149.7313159
RUS	2010		138.2386903
RUS	2011		113.239132
RUS	2012		115.5712647
RUS	2013		116.6074511
RUS	2014		111.4517224
RUS	2015		100.0
RUS	2016		96.20801426
RUS	2017		99.03329032
RUS	2018		102.3189757
RUS	2019		101.2610041
RUS	2020		116.7417266
RUS	2021		129.5994064
SAU	2014		102.398168
SAU	2015		100.0
SAU	2016		93.155609
SAU	2017		87.89797672
SAU	2018		82.26731304
SAU	2019		80.12470615
SAU	2020		78.02807167
SAU	2021		75.73008717
SVK	2005		80.34382679
SVK	2006		89.45918871
SVK	2007		112.3698582
SVK	2008		126.8740527
SVK	2009		110.6280803
SVK	2010		105.1445222
SVK	2011		99.72998963
SVK	2012		93.76640348
SVK	2013		93.39401128
SVK	2014		94.82858064
SVK	2015		100.0
SVK	2016		106.9990151
SVK	2017		111.8310091
SVK	2018		117.3146267
SVK	2019		124.6013634
SVK	2020		133.5647727
SVK	2021		137.6995626
SVN	2007		136.6275098
SVN	2008		138.4610627
SVN	2009		124.2940062
SVN	2010		122.6643362
SVN	2011		123.7943472
SVN	2012		113.3234093
SVN	2013		105.1380526
SVN	2014		98.60835141
SVN	2015		100.0
SVN	2016		103.6315467
SVN	2017		110.4856235
SVN	2018		117.8078314
SVN	2019		124.0520277
SVN	2020		130.4832219
SVN	2021		140.7564573
SWE	2000	83.21344213	43.48369756
SWE	2001	83.03712495	45.96688349
SWE	2002	84.49881266	48.08025127
SWE	2003	87.95430575	50.28509107
SWE	2004	94.83488192	54.72463936
SWE	2005	99.77346749	59.13104726
SWE	2006	106.3348847	65.9442133
SWE	2007	112.2227685	73.16592526
SWE	2008	107.6686636	71.93980708
SWE	2009	108.0611568	72.67844634
SWE	2010	112.5893515	77.45516043
SWE	2011	110.7663244	78.37519017
SWE	2012	107.8392399	78.91887327
SWE	2013	111.4233579	82.42469627
SWE	2014	119.2964308	89.27746633
SWE	2015	131.3415057	100.0
SWE	2016	137.8389028	107.3094988
SWE	2017	143.534321	112.4172334
SWE	2018	137.5511091	108.7180913
SWE	2019	136.2974548	109.1394169
SWE	2020	142.3549579	112.7380156
SWE	2021	150.1678987	121.8461103
TUR	2010		83.69019606
TUR	2011		83.22255427
TUR	2012		84.30071484
TUR	2013		88.51112034
TUR	2014		93.20960987
TUR	2015		100.0
TUR	2016		106.7693139
TUR	2017		105.8944732
TUR	2018		99.82972548
TUR	2019		91.12065371
TUR	2020		99.02378953
TUR	2021		112.1143275
USA	2000	95.35215515	86.33095259
USA	2001	98.28576995	90.46956464
USA	2002	101.3639687	95.5686001
USA	2003	104.9512687	100.7676658
USA	2004	109.4722285	107.5987343
USA	2005	117.2047114	115.535041
USA	2006	117.4664781	118.9423172
USA	2007	113.0893049	115.901043
USA	2008	100.3125536	103.359012
USA	2009	95.33545087	97.44363074
USA	2010	89.5879219	92.89223802
USA	2011	82.39180367	86.72085431
USA	2012	80.9681091	87.45141489
USA	2013	87.14890689	92.25289115
USA	2014	87.44542086	95.30767151
USA	2015	89.04808077	100.0
USA	2016	92.11378419	104.5539198
USA	2017	94.16357119	109.0108994
USA	2018	95.39044366	113.3231353
USA	2019	95.94160119	117.3112661
USA	2020	96.30162732	125.1792009
USA	2021	106.2791431	140.4979442
ZAF	2000	75.62750485	51.36918463
ZAF	2001	79.42156084	54.61327584
ZAF	2002	80.58624493	57.02871107
ZAF	2003	88.7226175	64.74627276
ZAF	2004	105.8397881	80.65372841
ZAF	2005	125.5444614	99.15427531
ZAF	2006	135.3918414	112.4947985
ZAF	2007	139.3971809	120.4649061
ZAF	2008	128.6394961	109.3514946
ZAF	2009	118.2785611	99.45096174
ZAF	2010	113.9046542	99.67367133
ZAF	2011	107.5419088	97.43546759
ZAF	2012	104.5154344	96.51796292
ZAF	2013	104.3168326	96.8279036
ZAF	2014	106.2509208	98.5240896
ZAF	2015	104.9989625	100.0
ZAF	2016	106.5621269	99.39504938
ZAF	2017	105.1995236	99.1724878
ZAF	2018	104.8474783	99.01157889
ZAF	2019	105.0853035	98.76024858
ZAF	2020		98.4110824
ZAF	2021		98.47902558
